chemical_compound_name,formula,Cp_298_J_per_molK,smiles,pubchem_cid,pubchem_matched_name,n_methods,methods,row_count
"(1R,3R)-1,3-dimethylcyclopentane",C7H14,134.839,C[C@@H]1CC[C@@H](C)C1,15656.0,"trans-(1R,3R)-1,3-dimethylcyclopentane",1,b3lyp-d3(bj)/def2-tzvp + LCCSD(T)/aug-cc-pvQZ//DF-MP2/aug-cc-pvQZ,1
"(E)-1,3-pentadiene",C5H8,97.747,C=C/C=C/C,62204.0,"(3E)-penta-1,3-diene",1,b3lyp-d3(bj)/def2-tzvp + LCCSD(T)/aug-cc-pvQZ//DF-MP2/aug-cc-pvQZ,1
(E)-2-butenal,C4H6O,88.899,C/C=C\C=O,643950.0,(Z)-but-2-enal,1,b3lyp-d3(bj)/def2-tzvp + LCCSD(T)/aug-cc-pvQZ//DF-MP2/aug-cc-pvQZ,1
(E)-2-butene,C4H8,85.86,C/C=C/C,62695.0,(E)-but-2-ene,1,b3lyp-d3(bj)/def2-tzvp + LCCSD(T)/aug-cc-pvQZ//DF-MP2/aug-cc-pvQZ,1
(E)-2-butenenitrile,C4H5N,85.846,C/C=C/C#N,637921.0,(E)-but-2-enenitrile,1,b3lyp-d3(bj)/def2-tzvp + LCCSD(T)/aug-cc-pvQZ//DF-MP2/aug-cc-pvQZ,1
(E)-2-hexene,C6H12,126.68,C/C=C/CCC,639661.0,(E)-hex-2-ene,1,b3lyp-d3(bj)/def2-tzvp + LCCSD(T)/aug-cc-pvQZ//DF-MP2/aug-cc-pvQZ,1
(E)-2-pentene,C5H10,106.107,C/C=C/CC,5326161.0,(E)-pent-2-ene,1,b3lyp-d3(bj)/def2-tzvp + LCCSD(T)/aug-cc-pvQZ//DF-MP2/aug-cc-pvQZ,1
(E)-3-hexene,C6H12,126.365,CC/C=C/CC,638066.0,(E)-hex-3-ene,1,b3lyp-d3(bj)/def2-tzvp + LCCSD(T)/aug-cc-pvQZ//DF-MP2/aug-cc-pvQZ,1
(E)-3-methyl-2-pentene,C6H12,129.856,C/C=C(\C)CC,642661.0,(E)-3-methylpent-2-ene,1,b3lyp-d3(bj)/def2-tzvp + LCCSD(T)/aug-cc-pvQZ//DF-MP2/aug-cc-pvQZ,1
(E)-4-methyl-2-pentene,C6H12,129.393,C/C=C/C(C)C,172092.0,(E)-4-methylpent-2-ene,1,b3lyp-d3(bj)/def2-tzvp + LCCSD(T)/aug-cc-pvQZ//DF-MP2/aug-cc-pvQZ,1
"(Z)-1,3-pentadiene",C5H8,97.21,C=C/C=C\C,643785.0,"(3Z)-penta-1,3-diene",1,b3lyp-d3(bj)/def2-tzvp + LCCSD(T)/aug-cc-pvQZ//DF-MP2/aug-cc-pvQZ,1
(Z)-2-butene,C4H8,85.435,C/C=C\C,5287573.0,(Z)-but-2-ene,1,b3lyp-d3(bj)/def2-tzvp + LCCSD(T)/aug-cc-pvQZ//DF-MP2/aug-cc-pvQZ,1
(Z)-2-butenenitrile,C4H5N,85.004,C/C=C\C#N,643774.0,(Z)-but-2-enenitrile,1,b3lyp-d3(bj)/def2-tzvp + LCCSD(T)/aug-cc-pvQZ//DF-MP2/aug-cc-pvQZ,1
(Z)-2-heptene,C7H14,146.597,C/C=C\CCCC,643836.0,(Z)-hept-2-ene,1,b3lyp-d3(bj)/def2-tzvp + LCCSD(T)/aug-cc-pvQZ//DF-MP2/aug-cc-pvQZ,1
(Z)-2-hexene,C6H12,126.043,C/C=C\CCC,643835.0,(Z)-hex-2-ene,1,b3lyp-d3(bj)/def2-tzvp + LCCSD(T)/aug-cc-pvQZ//DF-MP2/aug-cc-pvQZ,1
(Z)-2-pentene,C5H10,105.555,C/C=C\CC,5326160.0,(Z)-pent-2-ene,1,b3lyp-d3(bj)/def2-tzvp + LCCSD(T)/aug-cc-pvQZ//DF-MP2/aug-cc-pvQZ,1
(Z)-3-heptene,C7H14,146.142,CC/C=C\CCC,5357258.0,(Z)-hept-3-ene,1,b3lyp-d3(bj)/def2-tzvp + LCCSD(T)/aug-cc-pvQZ//DF-MP2/aug-cc-pvQZ,1
(Z)-3-hexene,C6H12,125.71,CC/C=C\CC,643783.0,(Z)-hex-3-ene,1,b3lyp-d3(bj)/def2-tzvp + LCCSD(T)/aug-cc-pvQZ//DF-MP2/aug-cc-pvQZ,1
(Z)-3-methyl-2-pentene,C6H12,129.573,C/C=C(/C)CC,643935.0,(Z)-3-methylpent-2-ene,1,b3lyp-d3(bj)/def2-tzvp + LCCSD(T)/aug-cc-pvQZ//DF-MP2/aug-cc-pvQZ,1
(Z)-4-methyl-2-pentene,C6H12,128.949,C/C=C\C(C)C,5326159.0,(Z)-4-methylpent-2-ene,1,b3lyp-d3(bj)/def2-tzvp + LCCSD(T)/aug-cc-pvQZ//DF-MP2/aug-cc-pvQZ,1
.gamma.-butyrolactone,C4H6O2,86.85,O=C1CCCO1,7302.0,oxolan-2-one,1,b3lyp-d3(bj)/def2-tzvp + LCCSD(T)/aug-cc-pvQZ//DF-MP2/aug-cc-pvQZ,1
"1,1,1,2,2-pentachloro-2-fluoroethane",C2Cl5F,132.367,FC(Cl)(Cl)C(Cl)(Cl)Cl,61107.0,"1,1,1,2,2-pentachloro-2-fluoroethane",1,b3lyp-d3(bj)/def2-tzvp + LCCSD(T)/aug-cc-pvQZ//DF-MP2/aug-cc-pvQZ,1
"1,1-diethoxyethane",C6H14O2,163.326,CCOC(C)OCC,7765.0,"1,1-diethoxyethane",1,b3lyp/def2-tzvp + LCCSD(T)/aug-cc-pvQZ//B3LYP/def2-tzvp,1
"1,1-dimethylcyclohexane",C8H16,154.638,CC1(C)CCCCC1,11549.0,"1,1-dimethylcyclohexane",1,b3lyp/def2-tzvp + LCCSD(T)/aug-cc-pvQZ//B3LYP/def2-tzvp,1
"1,1-dimethylcyclopentane",C7H14,136.142,CC1(C)CCCC1,15421.0,"1,1-dimethylcyclopentane",1,b3lyp-d3(bj)/def2-tzvp + LCCSD(T)/aug-cc-pvQZ//DF-MP2/aug-cc-pvQZ,1
"1,1-dimethylethyl ethanoate",C6H12O2,160.86,,,,1,b3lyp/def2-tzvp + LCCSD(T)/aug-cc-pvQZ//B3LYP/def2-tzvp,1
"1,2,3,4-tetrahydronaphthalene",C10H12,147.454,c1ccc2c(c1)CCCC2,8404.0,"1,2,3,4-tetrahydronaphthalene",1,b3lyp/def2-tzvp + LCCSD(T)/aug-cc-pvQZ//B3LYP/def2-tzvp,1
"1,2-benzenediol",C6H6O2,121.545,Oc1ccccc1O,289.0,"benzene-1,2-diol",1,b3lyp/def2-tzvp + LCCSD(T)/aug-cc-pvQZ//B3LYP/def2-tzvp,1
"1,2-butadiene",C4H6,79.115,C=C=CC,11535.0,"buta-1,2-diene",1,b3lyp-d3(bj)/def2-tzvp + LCCSD(T)/aug-cc-pvQZ//DF-MP2/aug-cc-pvQZ,1
"1,2-butanediol",C4H10O2,123.662,CCC(O)CO,11429.0,"butane-1,2-diol",1,b3lyp-d3(bj)/def2-tzvp + LCCSD(T)/aug-cc-pvQZ//DF-MP2/aug-cc-pvQZ,1
"1,2-diazabenzene",C4H4N2,74.284,c1ccnnc1,9259.0,pyridazine,1,b3lyp-d3(bj)/def2-tzvp + LCCSD(T)/aug-cc-pvQZ//DF-MP2/aug-cc-pvQZ,1
"1,2-dimethylbenzene",C8H10,132.11,Cc1ccccc1C,7237.0,"1,2-xylene",1,b3lyp/def2-tzvp + LCCSD(T)/aug-cc-pvQZ//B3LYP/def2-tzvp,1
"1,2-oxazole",C3H3NO,60.707,c1cnoc1,9254.0,"1,2-oxazole",1,b3lyp-d3(bj)/def2-tzvp + LCCSD(T)/aug-cc-pvQZ//DF-MP2/aug-cc-pvQZ,1
"1,2-pentadiene",C5H8,99.336,C=C=CCC,11588.0,"penta-1,2-diene",1,b3lyp-d3(bj)/def2-tzvp + LCCSD(T)/aug-cc-pvQZ//DF-MP2/aug-cc-pvQZ,1
"1,2-propadiene",C3H4,58.186,C=C=C,10037.0,"propa-1,2-diene",1,b3lyp-d3(bj)/def2-tzvp + LCCSD(T)/aug-cc-pvQZ//DF-MP2/aug-cc-pvQZ,1
"1,2-propanediol",C3H8O2,103.031,CC(O)CO,1030.0,"propane-1,2-diol",1,b3lyp-d3(bj)/def2-tzvp + LCCSD(T)/aug-cc-pvQZ//DF-MP2/aug-cc-pvQZ,1
"1,3,5,7-cyclooctatetraene",C8H8,121.06,C1=C\C=C/C=C\C=C/1,637866.0,cyclooctatetraene,1,b3lyp/def2-tzvp + LCCSD(T)/aug-cc-pvQZ//B3LYP/def2-tzvp,1
"1,3,5-trioxane",C3H6O3,83.571,C1OCOCO1,8081.0,"1,3,5-trioxane",1,b3lyp-d3(bj)/def2-tzvp + LCCSD(T)/aug-cc-pvQZ//DF-MP2/aug-cc-pvQZ,1
"1,3-benzenediol",C6H6O2,121.458,Oc1cccc(O)c1,5054.0,"benzene-1,3-diol",1,b3lyp/def2-tzvp + LCCSD(T)/aug-cc-pvQZ//B3LYP/def2-tzvp,1
"1,3-butadiene",C4H6,75.056,C=CC=C,7845.0,"buta-1,3-diene",1,b3lyp-d3(bj)/def2-tzvp + LCCSD(T)/aug-cc-pvQZ//DF-MP2/aug-cc-pvQZ,1
"1,3-butanediol",C4H10O2,122.922,CC(O)CCO,7896.0,"butane-1,3-diol",1,b3lyp-d3(bj)/def2-tzvp + LCCSD(T)/aug-cc-pvQZ//DF-MP2/aug-cc-pvQZ,1
"1,3-cyclohexadiene",C6H8,93.685,C1=CCCC=C1,11605.0,"cyclohexa-1,3-diene",1,b3lyp-d3(bj)/def2-tzvp + LCCSD(T)/aug-cc-pvQZ//DF-MP2/aug-cc-pvQZ,1
"1,3-cyclopentadiene",C5H6,74.857,C1=CCC=C1,7612.0,"cyclopenta-1,3-diene",1,b3lyp-d3(bj)/def2-tzvp + LCCSD(T)/aug-cc-pvQZ//DF-MP2/aug-cc-pvQZ,1
"1,3-dibromobenzene",C6H4Br2,116.815,Brc1cccc(Br)c1,7927.0,"1,3-dibromobenzene",1,b3lyp-d3(bj)/def2-tzvp + LCCSD(T)/aug-cc-pvQZ//DF-MP2/aug-cc-pvQZ,1
"1,3-dimethylbenzene",C8H10,133.083,Cc1cccc(C)c1,7929.0,"1,3-xylene",1,b3lyp/def2-tzvp + LCCSD(T)/aug-cc-pvQZ//B3LYP/def2-tzvp,1
"1,3-dioxane",C4H8O2,91.527,C1COCOC1,10450.0,"1,3-dioxane",1,b3lyp-d3(bj)/def2-tzvp + LCCSD(T)/aug-cc-pvQZ//DF-MP2/aug-cc-pvQZ,1
"1,3-oxazole",C3H3NO,59.685,c1cocn1,9255.0,"1,3-oxazole",1,b3lyp-d3(bj)/def2-tzvp + LCCSD(T)/aug-cc-pvQZ//DF-MP2/aug-cc-pvQZ,1
"1,4-benzoquinone",C6H4O2,106.89,O=C1C=CC(=O)C=C1,4650.0,"cyclohexa-2,5-diene-1,4-dione",1,b3lyp/def2-tzvp + LCCSD(T)/aug-cc-pvQZ//B3LYP/def2-tzvp,1
"1,4-cyclohexadiene",C6H8,93.44,C1=CCC=CC1,12343.0,"cyclohexa-1,4-diene",1,b3lyp-d3(bj)/def2-tzvp + LCCSD(T)/aug-cc-pvQZ//DF-MP2/aug-cc-pvQZ,1
"1,4-dimethylbenzene",C8H10,133.015,Cc1ccc(C)cc1,7809.0,"1,4-xylene",1,b3lyp/def2-tzvp + LCCSD(T)/aug-cc-pvQZ//B3LYP/def2-tzvp,1
"1,4-dioxane",C4H8O2,92.275,C1COCCO1,31275.0,"1,4-dioxane",1,b3lyp-d3(bj)/def2-tzvp + LCCSD(T)/aug-cc-pvQZ//DF-MP2/aug-cc-pvQZ,1
"1,4-pentadiene",C5H8,95.877,C=CCC=C,11587.0,"penta-1,4-diene",1,b3lyp-d3(bj)/def2-tzvp + LCCSD(T)/aug-cc-pvQZ//DF-MP2/aug-cc-pvQZ,1
"1,5-hexadiene",C6H10,116.465,C=CCCC=C,11598.0,"hexa-1,5-diene",1,b3lyp-d3(bj)/def2-tzvp + LCCSD(T)/aug-cc-pvQZ//DF-MP2/aug-cc-pvQZ,1
"1,cis-2-dimethylcyclopentane",C7H14,134.579,C[C@@H]1CCC[C@@H]1C,14498.0,"cis-(1S,2R)-1,2-dimethylcyclopentane",1,b3lyp-d3(bj)/def2-tzvp + LCCSD(T)/aug-cc-pvQZ//DF-MP2/aug-cc-pvQZ,1
"1,cis-3-dimethylcyclopentane",C7H14,135.235,,,,1,b3lyp-d3(bj)/def2-tzvp + LCCSD(T)/aug-cc-pvQZ//DF-MP2/aug-cc-pvQZ,1
"1,trans-2-dimethylcyclopentane",C7H14,135.464,C[C@@H]1CCC[C@H]1C,252359.0,"trans-(1R,2R)-1,2-dimethylcyclopentane",1,b3lyp-d3(bj)/def2-tzvp + LCCSD(T)/aug-cc-pvQZ//DF-MP2/aug-cc-pvQZ,1
1-aza-2-cycloheptanone,C6H11NO,131.536,O=C1CCCCCN1,7768.0,azepan-2-one,1,b3lyp/def2-tzvp + LCCSD(T)/aug-cc-pvQZ//B3LYP/def2-tzvp,1
1-butanamine,C4H11N,110.111,CCCCN,8007.0,butan-1-amine,1,b3lyp-d3(bj)/def2-tzvp + LCCSD(T)/aug-cc-pvQZ//DF-MP2/aug-cc-pvQZ,1
1-buten-3-yne,C4H4,71.707,C#CC=C,12720.0,but-1-en-3-yne,1,b3lyp-d3(bj)/def2-tzvp + LCCSD(T)/aug-cc-pvQZ//DF-MP2/aug-cc-pvQZ,1
1-butene,C4H8,83.47,C=CCC,7844.0,but-1-ene,1,b3lyp-d3(bj)/def2-tzvp + LCCSD(T)/aug-cc-pvQZ//DF-MP2/aug-cc-pvQZ,1
1-butyne,C4H6,79.937,C#CCC,7846.0,but-1-yne,1,b3lyp-d3(bj)/def2-tzvp + LCCSD(T)/aug-cc-pvQZ//DF-MP2/aug-cc-pvQZ,1
1-ethyl-1-methylcyclopentane,C8H16,157.105,CCC1(C)CCCC1,28030.0,1-ethyl-1-methylcyclopentane,1,b3lyp/def2-tzvp + LCCSD(T)/aug-cc-pvQZ//B3LYP/def2-tzvp,1
1-heptene,C7H14,145.11,C=CCCCCC,11610.0,hept-1-ene,1,b3lyp-d3(bj)/def2-tzvp + LCCSD(T)/aug-cc-pvQZ//DF-MP2/aug-cc-pvQZ,1
1-hexyne,C6H10,120.976,C#CCCCC,12732.0,hex-1-yne,1,b3lyp-d3(bj)/def2-tzvp + LCCSD(T)/aug-cc-pvQZ//DF-MP2/aug-cc-pvQZ,1
1-methoxypropane,C4H10O,104.762,CCCOC,11182.0,1-methoxypropane,1,b3lyp-d3(bj)/def2-tzvp + LCCSD(T)/aug-cc-pvQZ//DF-MP2/aug-cc-pvQZ,1
1-methylcyclopentene,C6H10,105.709,CC1=CCCC1,12746.0,1-methylcyclopentene,1,b3lyp-d3(bj)/def2-tzvp + LCCSD(T)/aug-cc-pvQZ//DF-MP2/aug-cc-pvQZ,1
1-methylethyl ethanoate,C5H10O2,135.282,,,,1,b3lyp-d3(bj)/def2-tzvp + LCCSD(T)/aug-cc-pvQZ//DF-MP2/aug-cc-pvQZ,1
1-nitropropane,C3H7NO2,102.091,CCC[N+](=O)[O-],7903.0,1-nitropropane,1,b3lyp-d3(bj)/def2-tzvp + LCCSD(T)/aug-cc-pvQZ//DF-MP2/aug-cc-pvQZ,1
1-pentanamine,C5H13N,130.648,CCCCCN,8060.0,pentan-1-amine,1,b3lyp-d3(bj)/def2-tzvp + LCCSD(T)/aug-cc-pvQZ//DF-MP2/aug-cc-pvQZ,1
1-pentene,C5H10,104.045,C=CCCC,8004.0,pent-1-ene,1,b3lyp-d3(bj)/def2-tzvp + LCCSD(T)/aug-cc-pvQZ//DF-MP2/aug-cc-pvQZ,1
"1-pentene, 2-ethyl-",C7H14,147.377,C=C(CC)CCC,520668.0,3-methylidenehexane,1,b3lyp-d3(bj)/def2-tzvp + LCCSD(T)/aug-cc-pvQZ//DF-MP2/aug-cc-pvQZ,1
1-pentyne,C5H8,100.425,C#CCCC,12309.0,pent-1-yne,1,b3lyp-d3(bj)/def2-tzvp + LCCSD(T)/aug-cc-pvQZ//DF-MP2/aug-cc-pvQZ,1
1-phenylethyne,C8H6,115.396,C#Cc1ccccc1,10821.0,ethynylbenzene,1,b3lyp/def2-tzvp + LCCSD(T)/aug-cc-pvQZ//B3LYP/def2-tzvp,1
1-propyne,C3H4,60.192,C#CC,6335.0,prop-1-yne,1,b3lyp-d3(bj)/def2-tzvp + LCCSD(T)/aug-cc-pvQZ//DF-MP2/aug-cc-pvQZ,1
1H-pyrazole,C3H4N2,64.896,c1cn[nH]c1,1048.0,1H-pyrazole,1,b3lyp-d3(bj)/def2-tzvp + LCCSD(T)/aug-cc-pvQZ//DF-MP2/aug-cc-pvQZ,1
"2,2,3,3-tetramethylbutane",C8H18,186.819,CC(C)(C)C(C)(C)C,11675.0,"2,2,3,3-tetramethylbutane",1,b3lyp/def2-tzvp + LCCSD(T)/aug-cc-pvQZ//B3LYP/def2-tzvp,1
"2,2,3-trimethylbutane",C7H16,162.691,CC(C)C(C)(C)C,10044.0,"2,2,3-trimethylbutane",1,b3lyp-d3(bj)/def2-tzvp + LCCSD(T)/aug-cc-pvQZ//DF-MP2/aug-cc-pvQZ,1
"2,2,3-trimethylpentane",C8H18,183.458,CCC(C)C(C)(C)C,11255.0,"2,2,3-trimethylpentane",1,b3lyp/def2-tzvp + LCCSD(T)/aug-cc-pvQZ//B3LYP/def2-tzvp,1
"2,2,4-trimethylpentane",C8H18,182.99,CC(C)CC(C)(C)C,10907.0,"2,2,4-trimethylpentane",1,b3lyp/def2-tzvp + LCCSD(T)/aug-cc-pvQZ//B3LYP/def2-tzvp,1
"2,2-dimethylbutane",C6H14,139.52,CCC(C)(C)C,6403.0,"2,2-dimethylbutane",1,b3lyp-d3(bj)/def2-tzvp + LCCSD(T)/aug-cc-pvQZ//DF-MP2/aug-cc-pvQZ,1
"2,2-dimethylhexane",C8H18,180.823,CCCCC(C)(C)C,11551.0,"2,2-dimethylhexane",1,b3lyp/def2-tzvp + LCCSD(T)/aug-cc-pvQZ//B3LYP/def2-tzvp,1
"2,2-dimethylpentane",C7H16,160.213,CCCC(C)(C)C,11542.0,"2,2-dimethylpentane",1,b3lyp-d3(bj)/def2-tzvp + LCCSD(T)/aug-cc-pvQZ//DF-MP2/aug-cc-pvQZ,1
"2,2-dimethylpropane",C5H12,118.681,CC(C)(C)C,10041.0,"2,2-dimethylpropane",1,b3lyp-d3(bj)/def2-tzvp + LCCSD(T)/aug-cc-pvQZ//DF-MP2/aug-cc-pvQZ,1
"2,2-dimethylpropanoic acid",C5H10O2,137.346,CC(C)(C)C(=O)O,6417.0,"2,2-dimethylpropanoic acid",1,b3lyp-d3(bj)/def2-tzvp + LCCSD(T)/aug-cc-pvQZ//DF-MP2/aug-cc-pvQZ,1
"2,3,3-trimethyl-1-butene",C7H14,153.851,C=C(C)C(C)(C)C,11669.0,"2,3,3-trimethylbut-1-ene",1,b3lyp-d3(bj)/def2-tzvp + LCCSD(T)/aug-cc-pvQZ//DF-MP2/aug-cc-pvQZ,1
"2,3,3-trimethylpentane",C8H18,183.463,CCC(C)(C)C(C)C,11215.0,"2,3,3-trimethylpentane",1,b3lyp/def2-tzvp + LCCSD(T)/aug-cc-pvQZ//B3LYP/def2-tzvp,1
"2,3,4-trimethylpentane",C8H18,181.78,CC(C)C(C)C(C)C,11269.0,"2,3,4-trimethylpentane",1,b3lyp/def2-tzvp + LCCSD(T)/aug-cc-pvQZ//B3LYP/def2-tzvp,1
"2,3-butanediol",C4H10O2,126.8945,CC(O)C(C)O,262.0,"butane-2,3-diol",1,b3lyp-d3(bj)/def2-tzvp + LCCSD(T)/aug-cc-pvQZ//DF-MP2/aug-cc-pvQZ,2
"2,3-dihydrofuran",C4H6O,74.684,C1=COCC1,70934.0,"2,3-dihydrofuran",1,b3lyp-d3(bj)/def2-tzvp + LCCSD(T)/aug-cc-pvQZ//DF-MP2/aug-cc-pvQZ,1
"2,3-dimethyl-1,3-butadiene",C6H10,120.328,C=C(C)C(=C)C,10566.0,"2,3-dimethylbuta-1,3-diene",1,b3lyp-d3(bj)/def2-tzvp + LCCSD(T)/aug-cc-pvQZ//DF-MP2/aug-cc-pvQZ,1
"2,3-dimethyl-1-butene",C6H12,129.639,C=C(C)C(C)C,11249.0,"2,3-dimethylbut-1-ene",1,b3lyp-d3(bj)/def2-tzvp + LCCSD(T)/aug-cc-pvQZ//DF-MP2/aug-cc-pvQZ,1
"2,3-dimethyl-2-butene",C6H12,133.841,CC(C)=C(C)C,11250.0,"2,3-dimethylbut-2-ene",1,b3lyp-d3(bj)/def2-tzvp + LCCSD(T)/aug-cc-pvQZ//DF-MP2/aug-cc-pvQZ,1
"2,3-dimethylbutane",C6H14,137.925,CC(C)C(C)C,6589.0,"2,3-dimethylbutane",1,b3lyp-d3(bj)/def2-tzvp + LCCSD(T)/aug-cc-pvQZ//DF-MP2/aug-cc-pvQZ,1
"2,3-dimethylpentane",C7H16,158.723,CCC(C)C(C)C,11260.0,"2,3-dimethylpentane",1,b3lyp-d3(bj)/def2-tzvp + LCCSD(T)/aug-cc-pvQZ//DF-MP2/aug-cc-pvQZ,1
"2,3-epoxy-1-propanol",C3H6O2,84.618,OCC1CO1,11164.0,oxiran-2-ylmethanol,1,b3lyp-d3(bj)/def2-tzvp + LCCSD(T)/aug-cc-pvQZ//DF-MP2/aug-cc-pvQZ,1
"2,3-pentadiene",C5H8,100.922,CC=C=CC,136378.0,"penta-2,3-diene",1,b3lyp-d3(bj)/def2-tzvp + LCCSD(T)/aug-cc-pvQZ//DF-MP2/aug-cc-pvQZ,1
"2,4,4-trimethyl-1-pentene",C8H16,174.686,C=C(C)CC(C)(C)C,7868.0,"2,4,4-trimethylpent-1-ene",1,b3lyp/def2-tzvp + LCCSD(T)/aug-cc-pvQZ//B3LYP/def2-tzvp,1
"2,4,4-trimethyl-2-pentene",C8H16,177.796,CC(C)=CC(C)(C)C,7869.0,"2,4,4-trimethylpent-2-ene",1,b3lyp/def2-tzvp + LCCSD(T)/aug-cc-pvQZ//B3LYP/def2-tzvp,1
"2,4-dimethyl-3-pentanone",C7H14O,166.16,CC(C)C(=O)C(C)C,11271.0,"2,4-dimethylpentan-3-one",1,b3lyp/def2-tzvp + LCCSD(T)/aug-cc-pvQZ//B3LYP/def2-tzvp,1
"2,4-dimethylpentane",C7H16,158.434,CC(C)CC(C)C,7907.0,"2,4-dimethylpentane",1,b3lyp-d3(bj)/def2-tzvp + LCCSD(T)/aug-cc-pvQZ//DF-MP2/aug-cc-pvQZ,1
"2,4-pentanedione",C5H8O2,123.275,CC(=O)CC(C)=O,31261.0,"pentane-2,4-dione",1,b3lyp-d3(bj)/def2-tzvp + LCCSD(T)/aug-cc-pvQZ//DF-MP2/aug-cc-pvQZ,1
"2,5-dimethyl-2,4-hexadiene",C8H14,167.519,CC(C)=CC=C(C)C,12992.0,"2,5-dimethylhexa-2,4-diene",1,b3lyp/def2-tzvp + LCCSD(T)/aug-cc-pvQZ//B3LYP/def2-tzvp,1
"2,6-dimethylpyridine",C7H9N,128.836,Cc1cccc(C)n1,7937.0,"2,6-dimethylpyridine",1,b3lyp/def2-tzvp + LCCSD(T)/aug-cc-pvQZ//B3LYP/def2-tzvp,1
2-aminoacetic acid,C2H5NO2,87.045,NCC(=O)O,750.0,2-aminoacetic acid,1,b3lyp-d3(bj)/def2-tzvp + LCCSD(T)/aug-cc-pvQZ//DF-MP2/aug-cc-pvQZ,1
2-aminoethan-1-ol,C2H7NO,82.129,NCCO,700.0,2-aminoethanol,1,b3lyp-d3(bj)/def2-tzvp + LCCSD(T)/aug-cc-pvQZ//DF-MP2/aug-cc-pvQZ,1
2-butanamine,C4H11N,112.926,CCC(C)N,24874.0,butan-2-amine,1,b3lyp-d3(bj)/def2-tzvp + LCCSD(T)/aug-cc-pvQZ//DF-MP2/aug-cc-pvQZ,1
2-butyne,C4H6,81.613,CC#CC,10419.0,but-2-yne,1,b3lyp-d3(bj)/def2-tzvp + LCCSD(T)/aug-cc-pvQZ//DF-MP2/aug-cc-pvQZ,1
2-ethoxy-2-methylpropane,C6H14O,154.713,CCOC(C)(C)C,12512.0,2-ethoxy-2-methylpropane,1,b3lyp-d3(bj)/def2-tzvp + LCCSD(T)/aug-cc-pvQZ//DF-MP2/aug-cc-pvQZ,1
2-ethyl-1-butene,C6H12,126.786,C=C(CC)CC,12970.0,3-methylidenepentane,1,b3lyp-d3(bj)/def2-tzvp + LCCSD(T)/aug-cc-pvQZ//DF-MP2/aug-cc-pvQZ,1
2-furaldehyde,C5H4O2,92.696,O=Cc1ccco1,7362.0,furan-2-carbaldehyde,1,b3lyp-d3(bj)/def2-tzvp + LCCSD(T)/aug-cc-pvQZ//DF-MP2/aug-cc-pvQZ,1
2-hexanol,C6H14O,150.949,CCCCC(C)O,12297.0,hexan-2-ol,1,b3lyp-d3(bj)/def2-tzvp + LCCSD(T)/aug-cc-pvQZ//DF-MP2/aug-cc-pvQZ,1
2-hydroxymethylfuran,C5H6O2,105.409,OCc1ccco1,7361.0,furan-2-ylmethanol,1,b3lyp-d3(bj)/def2-tzvp + LCCSD(T)/aug-cc-pvQZ//DF-MP2/aug-cc-pvQZ,1
2-methoxy-2-methylbutane,C6H14O,154.423,CCC(C)(C)OC,61247.0,2-methoxy-2-methylbutane,1,b3lyp-d3(bj)/def2-tzvp + LCCSD(T)/aug-cc-pvQZ//DF-MP2/aug-cc-pvQZ,1
2-methoxy-2-methylpropane,C5H12O,133.662,COC(C)(C)C,15413.0,2-methoxy-2-methylpropane,1,b3lyp-d3(bj)/def2-tzvp + LCCSD(T)/aug-cc-pvQZ//DF-MP2/aug-cc-pvQZ,1
"2-methyl-1,3-butadiene",C5H8,97.837,C=CC(=C)C,6557.0,"2-methylbuta-1,3-diene",1,b3lyp-d3(bj)/def2-tzvp + LCCSD(T)/aug-cc-pvQZ//DF-MP2/aug-cc-pvQZ,1
"2-methyl-1,3-dioxolane",C4H8O2,97.726,CC1OCCO1,10342.0,"2-methyl-1,3-dioxolane",1,b3lyp-d3(bj)/def2-tzvp + LCCSD(T)/aug-cc-pvQZ//DF-MP2/aug-cc-pvQZ,1
2-methyl-1-butanol,C5H12O,130.287,CCC(C)CO,8723.0,2-methylbutan-1-ol,1,b3lyp-d3(bj)/def2-tzvp + LCCSD(T)/aug-cc-pvQZ//DF-MP2/aug-cc-pvQZ,1
2-methyl-1-butene,C5H10,106.498,C=C(C)CC,11240.0,2-methylbut-1-ene,1,b3lyp-d3(bj)/def2-tzvp + LCCSD(T)/aug-cc-pvQZ//DF-MP2/aug-cc-pvQZ,1
2-methyl-1-hexene,C7H14,147.593,C=C(C)CCCC,22468.0,2-methylhex-1-ene,1,b3lyp-d3(bj)/def2-tzvp + LCCSD(T)/aug-cc-pvQZ//DF-MP2/aug-cc-pvQZ,1
2-methyl-1-pentene,C6H12,127.039,C=C(C)CCC,12986.0,2-methylpent-1-ene,1,b3lyp-d3(bj)/def2-tzvp + LCCSD(T)/aug-cc-pvQZ//DF-MP2/aug-cc-pvQZ,1
2-methyl-1-propanamine,C4H11N,112.932,CC(C)CN,6558.0,2-methylpropan-1-amine,1,b3lyp-d3(bj)/def2-tzvp + LCCSD(T)/aug-cc-pvQZ//DF-MP2/aug-cc-pvQZ,1
2-methyl-1-propanol,C4H10O,109.597,CC(C)CO,6560.0,2-methylpropan-1-ol,1,b3lyp-d3(bj)/def2-tzvp + LCCSD(T)/aug-cc-pvQZ//DF-MP2/aug-cc-pvQZ,1
2-methyl-1-propen-1-one,C4H6O,92.496,CC(C)=C=O,136395.0,2-methylprop-1-en-1-one,1,b3lyp-d3(bj)/def2-tzvp + LCCSD(T)/aug-cc-pvQZ//DF-MP2/aug-cc-pvQZ,1
2-methyl-2-butene,C5H10,109.401,CC=C(C)C,10553.0,2-methylbut-2-ene,1,b3lyp-d3(bj)/def2-tzvp + LCCSD(T)/aug-cc-pvQZ//DF-MP2/aug-cc-pvQZ,1
2-methyl-2-pentene,C6H12,129.56,CCC=C(C)C,12243.0,2-methylpent-2-ene,1,b3lyp-d3(bj)/def2-tzvp + LCCSD(T)/aug-cc-pvQZ//DF-MP2/aug-cc-pvQZ,1
2-methyl-2-propanamine,C4H11N,116.998,CC(C)(C)N,6385.0,2-methylpropan-2-amine,1,b3lyp-d3(bj)/def2-tzvp + LCCSD(T)/aug-cc-pvQZ//DF-MP2/aug-cc-pvQZ,1
2-methyl-3-pentanone,C6H12O,143.173,CCC(=O)C(C)C,11265.0,2-methylpentan-3-one,1,b3lyp-d3(bj)/def2-tzvp + LCCSD(T)/aug-cc-pvQZ//DF-MP2/aug-cc-pvQZ,1
"2-methyl-8,9,10-trinorborn-2-ene",C8H12,128.556,,,,1,b3lyp/def2-tzvp + LCCSD(T)/aug-cc-pvQZ//B3LYP/def2-tzvp,1
2-methylaniline,C7H9N,131.745,Cc1ccccc1N,7242.0,2-methylaniline,1,b3lyp/def2-tzvp + LCCSD(T)/aug-cc-pvQZ//B3LYP/def2-tzvp,1
2-methylbutan-2-ol,C5H12O,135.054,CCC(C)(C)O,6405.0,2-methylbutan-2-ol,1,b3lyp-d3(bj)/def2-tzvp + LCCSD(T)/aug-cc-pvQZ//DF-MP2/aug-cc-pvQZ,1
2-methylbutanal,C5H10O,119.405,CCC(C)C=O,7284.0,2-methylbutanal,1,b3lyp-d3(bj)/def2-tzvp + LCCSD(T)/aug-cc-pvQZ//DF-MP2/aug-cc-pvQZ,1
2-methylbutane,C5H12,114.818,CCC(C)C,6556.0,2-methylbutane,1,b3lyp-d3(bj)/def2-tzvp + LCCSD(T)/aug-cc-pvQZ//DF-MP2/aug-cc-pvQZ,1
2-methylhexane,C7H16,155.908,CCCCC(C)C,11582.0,2-methylhexane,1,b3lyp-d3(bj)/def2-tzvp + LCCSD(T)/aug-cc-pvQZ//DF-MP2/aug-cc-pvQZ,1
2-methylmaleic anhydride,C5H4O3,111.985,CC1=CC(=O)OC1=O,12012.0,"3-methylfuran-2,5-dione",1,b3lyp/def2-tzvp + LCCSD(T)/aug-cc-pvQZ//B3LYP/def2-tzvp,1
2-methylpentane,C6H14,135.363,CCCC(C)C,7892.0,2-methylpentane,1,b3lyp-d3(bj)/def2-tzvp + LCCSD(T)/aug-cc-pvQZ//DF-MP2/aug-cc-pvQZ,1
2-methylphenol,C7H8O,126.9,Cc1ccccc1O,335.0,2-methylphenol,1,b3lyp/def2-tzvp + LCCSD(T)/aug-cc-pvQZ//B3LYP/def2-tzvp,1
2-methylpropan-2-ol,C4H10O,114.263,CC(C)(C)O,6386.0,2-methylpropan-2-ol,1,b3lyp-d3(bj)/def2-tzvp + LCCSD(T)/aug-cc-pvQZ//DF-MP2/aug-cc-pvQZ,1
2-methylpropane,C4H10,94.045,CC(C)C,6360.0,2-methylpropane,1,b3lyp-d3(bj)/def2-tzvp + LCCSD(T)/aug-cc-pvQZ//DF-MP2/aug-cc-pvQZ,1
2-methylpropanenitrile,C4H7N,94.755,CC(C)C#N,6559.0,2-methylpropanenitrile,1,b3lyp-d3(bj)/def2-tzvp + LCCSD(T)/aug-cc-pvQZ//DF-MP2/aug-cc-pvQZ,1
2-methylpropene,C4H8,86.177,C=C(C)C,8255.0,2-methylprop-1-ene,1,b3lyp-d3(bj)/def2-tzvp + LCCSD(T)/aug-cc-pvQZ//DF-MP2/aug-cc-pvQZ,1
2-methylpropyl ethanoate,C6H12O2,155.42,CC(=O)OCC(C)C,8038.0,2-methylpropyl acetate,1,b3lyp/def2-tzvp + LCCSD(T)/aug-cc-pvQZ//B3LYP/def2-tzvp,1
2-methylpropyl methanoate,C5H10O2,130.524,,,,1,b3lyp-d3(bj)/def2-tzvp + LCCSD(T)/aug-cc-pvQZ//DF-MP2/aug-cc-pvQZ,1
2-methylpyridine,C6H7N,102.863,Cc1ccccn1,7975.0,2-methylpyridine,1,b3lyp-d3(bj)/def2-tzvp + LCCSD(T)/aug-cc-pvQZ//DF-MP2/aug-cc-pvQZ,1
2-nitropropane,C3H7NO2,105.426,CC(C)[N+](=O)[O-],398.0,2-nitropropane,1,b3lyp-d3(bj)/def2-tzvp + LCCSD(T)/aug-cc-pvQZ//DF-MP2/aug-cc-pvQZ,1
2-oxetanone,C3H4O2,69.885,O=C1CCO1,2365.0,oxetan-2-one,1,b3lyp-d3(bj)/def2-tzvp + LCCSD(T)/aug-cc-pvQZ//DF-MP2/aug-cc-pvQZ,1
2-pentyne,C5H8,101.458,CC#CCC,12310.0,pent-2-yne,1,b3lyp-d3(bj)/def2-tzvp + LCCSD(T)/aug-cc-pvQZ//DF-MP2/aug-cc-pvQZ,1
2-propanamine,C3H9N,92.13,CC(C)N,6363.0,propan-2-amine,1,b3lyp-d3(bj)/def2-tzvp + LCCSD(T)/aug-cc-pvQZ//DF-MP2/aug-cc-pvQZ,1
2-propenol,C3H6O,77.757,C=CCO,7858.0,prop-2-en-1-ol,1,b3lyp-d3(bj)/def2-tzvp + LCCSD(T)/aug-cc-pvQZ//DF-MP2/aug-cc-pvQZ,1
2-pyrrolidinone,C4H7NO,92.271,O=C1CCCN1,12025.0,pyrrolidin-2-one,1,b3lyp-d3(bj)/def2-tzvp + LCCSD(T)/aug-cc-pvQZ//DF-MP2/aug-cc-pvQZ,1
2-tetrahydrofurylmethanol,C5H10O2,118.268,,,,1,b3lyp-d3(bj)/def2-tzvp + LCCSD(T)/aug-cc-pvQZ//DF-MP2/aug-cc-pvQZ,1
"3,3-dimethyl-1-butene",C6H12,131.239,C=CC(C)(C)C,11210.0,"3,3-dimethylbut-1-ene",1,b3lyp-d3(bj)/def2-tzvp + LCCSD(T)/aug-cc-pvQZ//DF-MP2/aug-cc-pvQZ,1
"3,3-dimethyl-2-butanone",C6H12O,147.657,CC(=O)C(C)(C)C,6416.0,"3,3-dimethylbutan-2-one",1,b3lyp-d3(bj)/def2-tzvp + LCCSD(T)/aug-cc-pvQZ//DF-MP2/aug-cc-pvQZ,1
"3,3-dimethylhexane",C8H18,181.119,CCCC(C)(C)CC,11233.0,"3,3-dimethylhexane",1,b3lyp/def2-tzvp + LCCSD(T)/aug-cc-pvQZ//B3LYP/def2-tzvp,1
"3,3-dimethylpentane",C7H16,160.32,CCC(C)(C)CC,11229.0,"3,3-dimethylpentane",1,b3lyp-d3(bj)/def2-tzvp + LCCSD(T)/aug-cc-pvQZ//DF-MP2/aug-cc-pvQZ,1
"3,4-dimethylhexane",C8H18,179.5435,CCC(C)C(C)CC,11412.0,"3,4-dimethylhexane",1,b3lyp/def2-tzvp + LCCSD(T)/aug-cc-pvQZ//B3LYP/def2-tzvp,2
3-butenenitrile,C4H5N,84.109,C=CCC#N,8009.0,but-3-enenitrile,1,b3lyp-d3(bj)/def2-tzvp + LCCSD(T)/aug-cc-pvQZ//DF-MP2/aug-cc-pvQZ,1
3-cyanopyridine,C6H4N2,102.482,N#Cc1cccnc1,79.0,pyridine-3-carbonitrile,1,b3lyp/def2-tzvp + LCCSD(T)/aug-cc-pvQZ//B3LYP/def2-tzvp,1
3-ethyl-1-pentene,C7H14,148.473,C=CC(CC)CC,19951.0,3-ethylpent-1-ene,1,b3lyp-d3(bj)/def2-tzvp + LCCSD(T)/aug-cc-pvQZ//DF-MP2/aug-cc-pvQZ,1
3-ethyl-2-methylpentane,C8H18,179.121,CCC(CC)C(C)C,11863.0,3-ethyl-2-methylpentane,1,b3lyp/def2-tzvp + LCCSD(T)/aug-cc-pvQZ//B3LYP/def2-tzvp,1
3-ethylpentane,C7H16,156.008,CCC(CC)CC,12048.0,3-ethylpentane,1,b3lyp-d3(bj)/def2-tzvp + LCCSD(T)/aug-cc-pvQZ//DF-MP2/aug-cc-pvQZ,1
3-hexanone,C6H12O,140.887,CCCC(=O)CC,11509.0,hexan-3-one,1,b3lyp-d3(bj)/def2-tzvp + LCCSD(T)/aug-cc-pvQZ//DF-MP2/aug-cc-pvQZ,1
"3-methyl-1,2-butadiene",C5H8,102.409,C=C=C(C)C,11714.0,"3-methylbuta-1,2-diene",1,b3lyp-d3(bj)/def2-tzvp + LCCSD(T)/aug-cc-pvQZ//DF-MP2/aug-cc-pvQZ,1
3-methyl-1-butene,C5H10,106.622,C=CC(C)C,11239.0,3-methylbut-1-ene,1,b3lyp-d3(bj)/def2-tzvp + LCCSD(T)/aug-cc-pvQZ//DF-MP2/aug-cc-pvQZ,1
3-methyl-1-butyne,C5H8,102.963,C#CC(C)C,69019.0,3-methylbut-1-yne,1,b3lyp-d3(bj)/def2-tzvp + LCCSD(T)/aug-cc-pvQZ//DF-MP2/aug-cc-pvQZ,1
3-methyl-1-hexene,C7H14,148.096,C=CC(C)CCC,18848.0,3-methylhex-1-ene,1,b3lyp-d3(bj)/def2-tzvp + LCCSD(T)/aug-cc-pvQZ//DF-MP2/aug-cc-pvQZ,1
3-methyl-1-pentene,C6H12,127.548,C=CC(C)CC,12969.0,3-methylpent-1-ene,1,b3lyp-d3(bj)/def2-tzvp + LCCSD(T)/aug-cc-pvQZ//DF-MP2/aug-cc-pvQZ,1
"3-methyl-2,4-dioxapentane",C4H10O2,121.531,COC(C)OC,10795.0,"1,1-dimethoxyethane",1,b3lyp-d3(bj)/def2-tzvp + LCCSD(T)/aug-cc-pvQZ//DF-MP2/aug-cc-pvQZ,1
3-methyl-2-butanol,C5H12O,133.098,CC(C)C(C)O,11732.0,3-methylbutan-2-ol,1,b3lyp-d3(bj)/def2-tzvp + LCCSD(T)/aug-cc-pvQZ//DF-MP2/aug-cc-pvQZ,1
3-methyl-2-butanone,C5H10O,122.776,CC(=O)C(C)C,11251.0,3-methylbutan-2-one,1,b3lyp-d3(bj)/def2-tzvp + LCCSD(T)/aug-cc-pvQZ//DF-MP2/aug-cc-pvQZ,1
3-methyl-2-pentanone,C6H12O,143.48,CCC(C)C(C)=O,11262.0,3-methylpentan-2-one,1,b3lyp-d3(bj)/def2-tzvp + LCCSD(T)/aug-cc-pvQZ//DF-MP2/aug-cc-pvQZ,1
3-methyl-3-pentanol,C6H14O,155.862,CCC(C)(O)CC,6493.0,3-methylpentan-3-ol,1,b3lyp-d3(bj)/def2-tzvp + LCCSD(T)/aug-cc-pvQZ//DF-MP2/aug-cc-pvQZ,1
3-methylbutan-1-ol,C5H12O,129.903,CC(C)CCO,31260.0,3-methylbutan-1-ol,1,b3lyp-d3(bj)/def2-tzvp + LCCSD(T)/aug-cc-pvQZ//DF-MP2/aug-cc-pvQZ,1
3-methylbutanal,C5H10O,119.236,CC(C)CC=O,11552.0,3-methylbutanal,1,b3lyp-d3(bj)/def2-tzvp + LCCSD(T)/aug-cc-pvQZ//DF-MP2/aug-cc-pvQZ,1
3-methylbutanoic acid,C5H10O2,132.803,CC(C)CC(=O)O,10430.0,3-methylbutanoic acid,1,b3lyp-d3(bj)/def2-tzvp + LCCSD(T)/aug-cc-pvQZ//DF-MP2/aug-cc-pvQZ,1
3-methylcyclopentene,C6H10,104.61,CC1C=CCC1,14263.0,3-methylcyclopentene,1,b3lyp-d3(bj)/def2-tzvp + LCCSD(T)/aug-cc-pvQZ//DF-MP2/aug-cc-pvQZ,1
3-methylhexane,C7H16,156.149,CCCC(C)CC,11507.0,3-methylhexane,1,b3lyp-d3(bj)/def2-tzvp + LCCSD(T)/aug-cc-pvQZ//DF-MP2/aug-cc-pvQZ,1
3-methylpentane,C6H14,135.581,CCC(C)CC,7282.0,3-methylpentane,1,b3lyp-d3(bj)/def2-tzvp + LCCSD(T)/aug-cc-pvQZ//DF-MP2/aug-cc-pvQZ,1
3-methylphenol,C7H8O,127.226,Cc1cccc(O)c1,342.0,3-methylphenol,1,b3lyp/def2-tzvp + LCCSD(T)/aug-cc-pvQZ//B3LYP/def2-tzvp,1
3-methylpyridine,C6H7N,102.614,Cc1cccnc1,7970.0,3-methylpyridine,1,b3lyp-d3(bj)/def2-tzvp + LCCSD(T)/aug-cc-pvQZ//DF-MP2/aug-cc-pvQZ,1
3-pentanol,C5H12O,130.63,CCC(O)CC,11428.0,pentan-3-ol,1,b3lyp-d3(bj)/def2-tzvp + LCCSD(T)/aug-cc-pvQZ//DF-MP2/aug-cc-pvQZ,1
4-ethenylcyclohexene,C8H12,136.419,C=CC1CC=CCC1,7499.0,4-ethenylcyclohexene,1,b3lyp/def2-tzvp + LCCSD(T)/aug-cc-pvQZ//B3LYP/def2-tzvp,1
4-methyl-1-hexene,C7H14,148.016,C=CCC(C)CC,19589.0,4-methylhex-1-ene,1,b3lyp-d3(bj)/def2-tzvp + LCCSD(T)/aug-cc-pvQZ//DF-MP2/aug-cc-pvQZ,1
4-methyl-2-pentanol,C6H14O,153.609,CC(C)CC(C)O,7910.0,4-methylpentan-2-ol,1,b3lyp-d3(bj)/def2-tzvp + LCCSD(T)/aug-cc-pvQZ//DF-MP2/aug-cc-pvQZ,1
4-methylene-2-oxetanone,C4H4O2,87.026,C=C1CC(=O)O1,12661.0,4-methylideneoxetan-2-one,1,b3lyp-d3(bj)/def2-tzvp + LCCSD(T)/aug-cc-pvQZ//DF-MP2/aug-cc-pvQZ,1
4-methylpentan-2-one,C6H12O,143.394,CC(=O)CC(C)C,7909.0,4-methylpentan-2-one,1,b3lyp-d3(bj)/def2-tzvp + LCCSD(T)/aug-cc-pvQZ//DF-MP2/aug-cc-pvQZ,1
4-methylphenol,C7H8O,127.252,Cc1ccc(O)cc1,2879.0,4-methylphenol,1,b3lyp/def2-tzvp + LCCSD(T)/aug-cc-pvQZ//B3LYP/def2-tzvp,1
4-methylpyridine,C6H7N,102.518,Cc1ccncc1,7963.0,4-methylpyridine,1,b3lyp-d3(bj)/def2-tzvp + LCCSD(T)/aug-cc-pvQZ//DF-MP2/aug-cc-pvQZ,1
"N,N-diethylhydroxylamine",C4H11NO,127.66,CCN(O)CC,19463.0,"N,N-diethylhydroxylamine",1,b3lyp-d3(bj)/def2-tzvp + LCCSD(T)/aug-cc-pvQZ//DF-MP2/aug-cc-pvQZ,1
"N,N-dimethylethanamide",C4H9NO,117.589,CC(=O)N(C)C,31374.0,"N,N-dimethylacetamide",1,b3lyp-d3(bj)/def2-tzvp + LCCSD(T)/aug-cc-pvQZ//DF-MP2/aug-cc-pvQZ,1
N-methylaniline,C7H9N,127.463,CNc1ccccc1,7515.0,N-methylaniline,1,b3lyp/def2-tzvp + LCCSD(T)/aug-cc-pvQZ//B3LYP/def2-tzvp,1
N-methylpyrrole,C5H7N,94.004,Cn1cccc1,7304.0,1-methylpyrrole,1,b3lyp-d3(bj)/def2-tzvp + LCCSD(T)/aug-cc-pvQZ//DF-MP2/aug-cc-pvQZ,1
N-methylpyrrolidone,C5H9NO,114.257,CN1CCCC1=O,13387.0,1-methylpyrrolidin-2-one,1,b3lyp-d3(bj)/def2-tzvp + LCCSD(T)/aug-cc-pvQZ//DF-MP2/aug-cc-pvQZ,1
acetic acid,C2H4O2,68.864,CC(=O)O,176.0,acetic acid,1,b3lyp-d3(bj)/def2-tzvp + LCCSD(T)/aug-cc-pvQZ//DF-MP2/aug-cc-pvQZ,1
acetone,C3H6O,79.632,CC(C)=O,180.0,propan-2-one,1,b3lyp-d3(bj)/def2-tzvp + LCCSD(T)/aug-cc-pvQZ//DF-MP2/aug-cc-pvQZ,1
acetonitrile,C2H3N,51.895,CC#N,6342.0,acetonitrile,1,b3lyp-d3(bj)/def2-tzvp + LCCSD(T)/aug-cc-pvQZ//DF-MP2/aug-cc-pvQZ,1
acrylonitrile,C3H3N,63.265,C=CC#N,7855.0,prop-2-enenitrile,1,b3lyp-d3(bj)/def2-tzvp + LCCSD(T)/aug-cc-pvQZ//DF-MP2/aug-cc-pvQZ,1
ammonia,H3N,35.164,N,222.0,azane,1,b3lyp-d3(bj)/def2-tzvp + LCCSD(T)/aug-cc-pvQZ//DF-MP2/aug-cc-pvQZ,1
aniline,C6H7N,107.421,Nc1ccccc1,6115.0,aniline,1,b3lyp-d3(bj)/def2-tzvp + LCCSD(T)/aug-cc-pvQZ//DF-MP2/aug-cc-pvQZ,1
anisole,C7H8O,120.688,COc1ccccc1,7519.0,anisole,1,b3lyp/def2-tzvp + LCCSD(T)/aug-cc-pvQZ//B3LYP/def2-tzvp,1
azacyclopropane,C2H5N,50.878,C1CN1,9033.0,aziridine,1,b3lyp-d3(bj)/def2-tzvp + LCCSD(T)/aug-cc-pvQZ//DF-MP2/aug-cc-pvQZ,1
benzaldehyde,C7H6O,109.894,O=Cc1ccccc1,240.0,benzaldehyde,1,b3lyp/def2-tzvp + LCCSD(T)/aug-cc-pvQZ//B3LYP/def2-tzvp,1
benzene,C6H6,81.815,c1ccccc1,241.0,benzene,1,b3lyp-d3(bj)/def2-tzvp + LCCSD(T)/aug-cc-pvQZ//DF-MP2/aug-cc-pvQZ,1
benzonitrile,C7H5N,106.795,N#Cc1ccccc1,7505.0,benzonitrile,1,b3lyp/def2-tzvp + LCCSD(T)/aug-cc-pvQZ//B3LYP/def2-tzvp,1
benzylamine,C7H9N,125.254,NCc1ccccc1,7504.0,phenylmethanamine,1,b3lyp/def2-tzvp + LCCSD(T)/aug-cc-pvQZ//B3LYP/def2-tzvp,1
bicyclo[2.2.1]hept-2-ene,C7H10,103.747,C1=CC2CCC1C2.C1=CC2CCC1C2,140987868.0,bicyclo[2.2.1]hept-2-ene,1,b3lyp-d3(bj)/def2-tzvp + LCCSD(T)/aug-cc-pvQZ//DF-MP2/aug-cc-pvQZ,1
bicyclo[2.2.1]heptane,C7H12,109.679,C1CC2CCC1C2,9233.0,bicyclo[2.2.1]heptane,1,b3lyp-d3(bj)/def2-tzvp + LCCSD(T)/aug-cc-pvQZ//DF-MP2/aug-cc-pvQZ,1
bicyclo[2.2.2]octane,C8H14,128.706,C1CC2CCC1CC2,9235.0,bicyclo[2.2.2]octane,1,b3lyp/def2-tzvp + LCCSD(T)/aug-cc-pvQZ//B3LYP/def2-tzvp,1
butan-1-ol,C4H10O,106.733,CCCCO,263.0,butan-1-ol,1,b3lyp-d3(bj)/def2-tzvp + LCCSD(T)/aug-cc-pvQZ//DF-MP2/aug-cc-pvQZ,1
butan-2-ol,C4H10O,109.848,CCC(C)O,6568.0,butan-2-ol,1,b3lyp-d3(bj)/def2-tzvp + LCCSD(T)/aug-cc-pvQZ//DF-MP2/aug-cc-pvQZ,1
butane,C4H10,91.679,CCCC,7843.0,butane,1,b3lyp-d3(bj)/def2-tzvp + LCCSD(T)/aug-cc-pvQZ//DF-MP2/aug-cc-pvQZ,1
butanedinitrile,C4H4N2,93.029,N#CCCC#N,8062.0,butanedinitrile,1,b3lyp-d3(bj)/def2-tzvp + LCCSD(T)/aug-cc-pvQZ//DF-MP2/aug-cc-pvQZ,1
butanoic acid,C4H8O2,109.568,CCCC(=O)O,264.0,butanoic acid,1,b3lyp-d3(bj)/def2-tzvp + LCCSD(T)/aug-cc-pvQZ//DF-MP2/aug-cc-pvQZ,1
butanone,C4H8O,100.022,CCC(C)=O,6569.0,butan-2-one,1,b3lyp-d3(bj)/def2-tzvp + LCCSD(T)/aug-cc-pvQZ//DF-MP2/aug-cc-pvQZ,1
butyl ethyl ether,C6H14O,146.211,CCCCOCC,12355.0,1-ethoxybutane,1,b3lyp-d3(bj)/def2-tzvp + LCCSD(T)/aug-cc-pvQZ//DF-MP2/aug-cc-pvQZ,1
butyl methanoate,C5H10O2,127.709,CCCCOC=O,11614.0,butyl formate,1,b3lyp-d3(bj)/def2-tzvp + LCCSD(T)/aug-cc-pvQZ//DF-MP2/aug-cc-pvQZ,1
butyl methyl ether,C5H12O,125.197,CCCCOC,12338.0,1-methoxybutane,1,b3lyp-d3(bj)/def2-tzvp + LCCSD(T)/aug-cc-pvQZ//DF-MP2/aug-cc-pvQZ,1
carbon dioxide,CO2,37.111,O=C=O,280.0,carbon dioxide,1,b3lyp-d3(bj)/def2-tzvp + LCCSD(T)/aug-cc-pvQZ//DF-MP2/aug-cc-pvQZ,1
carbon monoxide,CO,29.125,[C-]#[O+],281.0,carbon monoxide,1,b3lyp-d3(bj)/def2-tzvp + LCCSD(T)/aug-cc-pvQZ//DF-MP2/aug-cc-pvQZ,1
"cis-1,2-dimethylcyclohexane",C8H16,153.139,C[C@@H]1CCCC[C@@H]1C,16628.0,"cis-(1S,2R)-1,2-dimethylcyclohexane",1,b3lyp/def2-tzvp + LCCSD(T)/aug-cc-pvQZ//B3LYP/def2-tzvp,1
"cis-1,3-dimethylcyclohexane",C8H16,153.804,C[C@@H]1CCC[C@H](C)C1,252361.0,"cis-(1R,3S)-1,3-dimethylcyclohexane",1,b3lyp/def2-tzvp + LCCSD(T)/aug-cc-pvQZ//B3LYP/def2-tzvp,1
"cis-1,4-butenedioic acid",C4H4O4,117.076,,,,1,b3lyp/def2-tzvp + LCCSD(T)/aug-cc-pvQZ//B3LYP/def2-tzvp,1
"cis-1,4-dimethylcyclohexane",C8H16,153.334,CC1CCC(C)CC1,11523.0,"1,4-dimethylcyclohexane",1,b3lyp/def2-tzvp + LCCSD(T)/aug-cc-pvQZ//B3LYP/def2-tzvp,1
cis-2-butenedinitrile,C4H2N2,85.258,,,,1,b3lyp-d3(bj)/def2-tzvp + LCCSD(T)/aug-cc-pvQZ//DF-MP2/aug-cc-pvQZ,1
cyclobutane,C4H8,70.918,C1CCC1,9250.0,cyclobutane,1,b3lyp-d3(bj)/def2-tzvp + LCCSD(T)/aug-cc-pvQZ//DF-MP2/aug-cc-pvQZ,1
cycloheptene,C7H12,120.416,C1=CCCCCC1,12363.0,cycloheptene,1,b3lyp-d3(bj)/def2-tzvp + LCCSD(T)/aug-cc-pvQZ//DF-MP2/aug-cc-pvQZ,1
cyclohexane,C6H12,105.767,C1CCCCC1,8078.0,cyclohexane,1,b3lyp-d3(bj)/def2-tzvp + LCCSD(T)/aug-cc-pvQZ//DF-MP2/aug-cc-pvQZ,1
cyclohexanol,C6H12O,124.649,OC1CCCCC1,7966.0,cyclohexanol,1,b3lyp-d3(bj)/def2-tzvp + LCCSD(T)/aug-cc-pvQZ//DF-MP2/aug-cc-pvQZ,1
cyclohexanone,C6H10O,113.996,O=C1CCCCC1,7967.0,cyclohexanone,1,b3lyp-d3(bj)/def2-tzvp + LCCSD(T)/aug-cc-pvQZ//DF-MP2/aug-cc-pvQZ,1
cyclohexene,C6H10,99.809,C1=CCCCC1,8079.0,cyclohexene,1,b3lyp-d3(bj)/def2-tzvp + LCCSD(T)/aug-cc-pvQZ//DF-MP2/aug-cc-pvQZ,1
cyclohexylamine,C6H13N,127.919,NC1CCCCC1,7965.0,cyclohexanamine,1,b3lyp-d3(bj)/def2-tzvp + LCCSD(T)/aug-cc-pvQZ//DF-MP2/aug-cc-pvQZ,1
cyclooctane,C8H16,146.863,C1CCCCCCC1,9266.0,cyclooctane,1,b3lyp/def2-tzvp + LCCSD(T)/aug-cc-pvQZ//B3LYP/def2-tzvp,1
cyclopentanamine,C5H11N,109.495,NC1CCCC1,2906.0,cyclopentanamine,1,b3lyp-d3(bj)/def2-tzvp + LCCSD(T)/aug-cc-pvQZ//DF-MP2/aug-cc-pvQZ,1
cyclopentane,C5H10,87.569,C1CCCC1,9253.0,cyclopentane,1,b3lyp-d3(bj)/def2-tzvp + LCCSD(T)/aug-cc-pvQZ//DF-MP2/aug-cc-pvQZ,1
cyclopentanol,C5H10O,105.962,OC1CCCC1,7298.0,cyclopentanol,1,b3lyp-d3(bj)/def2-tzvp + LCCSD(T)/aug-cc-pvQZ//DF-MP2/aug-cc-pvQZ,1
cyclopentanone,C5H8O,96.122,O=C1CCCC1,8452.0,cyclopentanone,1,b3lyp-d3(bj)/def2-tzvp + LCCSD(T)/aug-cc-pvQZ//DF-MP2/aug-cc-pvQZ,1
cyclopentene,C5H8,80.95,C1=CCCC1,8882.0,cyclopentene,1,b3lyp-d3(bj)/def2-tzvp + LCCSD(T)/aug-cc-pvQZ//DF-MP2/aug-cc-pvQZ,1
cyclopropanamine,C3H7N,76.35,NC1CC1,69828.0,cyclopropanamine,1,b3lyp-d3(bj)/def2-tzvp + LCCSD(T)/aug-cc-pvQZ//DF-MP2/aug-cc-pvQZ,1
cyclopropane,C3H6,55.367,C1CC1,6351.0,cyclopropane,1,b3lyp-d3(bj)/def2-tzvp + LCCSD(T)/aug-cc-pvQZ//DF-MP2/aug-cc-pvQZ,1
cyclopropanecarbonitrile,C4H5N,78.47,N#CC1CC1,79637.0,cyclopropanecarbonitrile,1,b3lyp-d3(bj)/def2-tzvp + LCCSD(T)/aug-cc-pvQZ//DF-MP2/aug-cc-pvQZ,1
cyclopropanecarboxylic acid,C4H6O2,95.589,O=C(O)C1CC1,15655.0,cyclopropanecarboxylic acid,1,b3lyp-d3(bj)/def2-tzvp + LCCSD(T)/aug-cc-pvQZ//DF-MP2/aug-cc-pvQZ,1
diethoxymethane,C5H12O2,138.445,CCOCOCC,10024.0,ethoxymethoxyethane,1,b3lyp-d3(bj)/def2-tzvp + LCCSD(T)/aug-cc-pvQZ//DF-MP2/aug-cc-pvQZ,1
diethyl ether,C4H10O,105.31,CCOCC,3283.0,ethoxyethane,1,b3lyp-d3(bj)/def2-tzvp + LCCSD(T)/aug-cc-pvQZ//DF-MP2/aug-cc-pvQZ,1
diethylamine,C4H11N,109.092,CCNCC,8021.0,N-ethylethanamine,1,b3lyp-d3(bj)/def2-tzvp + LCCSD(T)/aug-cc-pvQZ//DF-MP2/aug-cc-pvQZ,1
diiodomethane,CH2I2,57.778,ICI,6346.0,diiodomethane,1,b3lyp-d3(bj)/def2-tzvp + LCCSD(T)/aug-cc-pvQZ//DF-MP2/aug-cc-pvQZ,1
diisopropyl ether,C6H14O,153.09,CC(C)OC(C)C,7914.0,2-propan-2-yloxypropane,1,b3lyp-d3(bj)/def2-tzvp + LCCSD(T)/aug-cc-pvQZ//DF-MP2/aug-cc-pvQZ,1
dimethoxymethane,C3H8O2,96.786,COCOC,8020.0,dimethoxymethane,1,b3lyp-d3(bj)/def2-tzvp + LCCSD(T)/aug-cc-pvQZ//DF-MP2/aug-cc-pvQZ,1
dimethyl carbonate,C3H6O3,102.179,COC(=O)OC,12021.0,dimethyl carbonate,1,b3lyp-d3(bj)/def2-tzvp + LCCSD(T)/aug-cc-pvQZ//DF-MP2/aug-cc-pvQZ,1
dimethyl ether,C2H6O,63.333,COC,8254.0,methoxymethane,1,b3lyp-d3(bj)/def2-tzvp + LCCSD(T)/aug-cc-pvQZ//DF-MP2/aug-cc-pvQZ,1
dimethyl peroxide,C2H6O2,80.281,COOC,136492.0,methylperoxymethane,1,b3lyp-d3(bj)/def2-tzvp + LCCSD(T)/aug-cc-pvQZ//DF-MP2/aug-cc-pvQZ,1
dimethylamine,C2H7N,67.37,CNC,674.0,N-methylmethanamine,1,b3lyp-d3(bj)/def2-tzvp + LCCSD(T)/aug-cc-pvQZ//DF-MP2/aug-cc-pvQZ,1
dimethylformamide,C3H7NO,92.883,CN(C)C=O,6228.0,"N,N-dimethylformamide",1,b3lyp-d3(bj)/def2-tzvp + LCCSD(T)/aug-cc-pvQZ//DF-MP2/aug-cc-pvQZ,1
dinitrogen pentoxide,N2O5,91.516,O=[N+]([O-])O[N+](=O)[O-],66242.0,nitro nitrate,1,b3lyp-d3(bj)/def2-tzvp + LCCSD(T)/aug-cc-pvQZ//DF-MP2/aug-cc-pvQZ,1
dinitrogen tetroxide,N2O4,77.564,O=[N+]([O-])[N+](=O)[O-],25352.0,,1,b3lyp-d3(bj)/def2-tzvp + LCCSD(T)/aug-cc-pvQZ//DF-MP2/aug-cc-pvQZ,1
dipropyl ether,C6H14O,146.136,CCCOCCC,8114.0,1-propoxypropane,1,b3lyp-d3(bj)/def2-tzvp + LCCSD(T)/aug-cc-pvQZ//DF-MP2/aug-cc-pvQZ,1
dipropylamine,C6H15N,150.209,CCCNCCC,8902.0,N-propylpropan-1-amine,1,b3lyp-d3(bj)/def2-tzvp + LCCSD(T)/aug-cc-pvQZ//DF-MP2/aug-cc-pvQZ,1
divinyl ether,C4H6O,89.714,C=COC=C,8024.0,ethenoxyethene,1,b3lyp-d3(bj)/def2-tzvp + LCCSD(T)/aug-cc-pvQZ//DF-MP2/aug-cc-pvQZ,1
ethanal,C2H4O,55.658,CC=O,177.0,acetaldehyde,1,b3lyp-d3(bj)/def2-tzvp + LCCSD(T)/aug-cc-pvQZ//DF-MP2/aug-cc-pvQZ,1
ethanamide,C2H5NO,77.843,CC(N)=O,178.0,acetamide,1,b3lyp-d3(bj)/def2-tzvp + LCCSD(T)/aug-cc-pvQZ//DF-MP2/aug-cc-pvQZ,1
"ethane-1,2-diamine",C2H8N2,87.008,NCCN,3301.0,"ethane-1,2-diamine",1,b3lyp-d3(bj)/def2-tzvp + LCCSD(T)/aug-cc-pvQZ//DF-MP2/aug-cc-pvQZ,1
ethanedial,C2H2O2,59.572,O=CC=O,7860.0,oxaldehyde,1,b3lyp-d3(bj)/def2-tzvp + LCCSD(T)/aug-cc-pvQZ//DF-MP2/aug-cc-pvQZ,1
ethanedinitrile,C2N2,55.692,N#CC#N,9999.0,oxalonitrile,1,b3lyp-d3(bj)/def2-tzvp + LCCSD(T)/aug-cc-pvQZ//DF-MP2/aug-cc-pvQZ,1
ethanoic anhydride,C4H6O3,119.653,CC(=O)OC(C)=O,7918.0,acetyl acetate,1,b3lyp-d3(bj)/def2-tzvp + LCCSD(T)/aug-cc-pvQZ//DF-MP2/aug-cc-pvQZ,1
ethanol,C2H6O,65.734,CCO,702.0,ethanol,1,b3lyp-d3(bj)/def2-tzvp + LCCSD(T)/aug-cc-pvQZ//DF-MP2/aug-cc-pvQZ,1
ethene,C2H4,42.493,C=C,6325.0,ethene,1,b3lyp-d3(bj)/def2-tzvp + LCCSD(T)/aug-cc-pvQZ//DF-MP2/aug-cc-pvQZ,1
ethenone,C2H2O,51.451,C=C=O,10038.0,ethenone,1,b3lyp-d3(bj)/def2-tzvp + LCCSD(T)/aug-cc-pvQZ//DF-MP2/aug-cc-pvQZ,1
ethoxyethene,C4H8O,97.23,C=COCC,8023.0,ethenoxyethane,1,b3lyp-d3(bj)/def2-tzvp + LCCSD(T)/aug-cc-pvQZ//DF-MP2/aug-cc-pvQZ,1
ethyl 2-methylpropanoate,C6H12O2,154.848,CCOC(=O)C(C)C,7342.0,ethyl 2-methylpropanoate,1,b3lyp/def2-tzvp + LCCSD(T)/aug-cc-pvQZ//B3LYP/def2-tzvp,1
ethyl acetate,C4H8O2,111.453,CCOC(C)=O,8857.0,ethyl acetate,1,b3lyp-d3(bj)/def2-tzvp + LCCSD(T)/aug-cc-pvQZ//DF-MP2/aug-cc-pvQZ,1
ethyl butanoate,C6H12O2,152.334,CCCC(=O)OCC,7762.0,ethyl butanoate,1,b3lyp/def2-tzvp + LCCSD(T)/aug-cc-pvQZ//B3LYP/def2-tzvp,1
ethyl methanoate,C3H6O2,86.652,CCOC=O,8025.0,ethyl formate,1,b3lyp-d3(bj)/def2-tzvp + LCCSD(T)/aug-cc-pvQZ//DF-MP2/aug-cc-pvQZ,1
ethyl methyl ether,C3H8O,84.333,CCOC,10903.0,methoxyethane,1,b3lyp-d3(bj)/def2-tzvp + LCCSD(T)/aug-cc-pvQZ//DF-MP2/aug-cc-pvQZ,1
ethyl propanoate,C5H10O2,131.967,CCOC(=O)CC,7749.0,ethyl propanoate,1,b3lyp-d3(bj)/def2-tzvp + LCCSD(T)/aug-cc-pvQZ//DF-MP2/aug-cc-pvQZ,1
ethyl propenoate,C5H8O2,122.702,C=CC(=O)OCC,8821.0,ethyl prop-2-enoate,1,b3lyp-d3(bj)/def2-tzvp + LCCSD(T)/aug-cc-pvQZ//DF-MP2/aug-cc-pvQZ,1
ethyl propyl ether,C5H12O,125.69,CCCOCC,12340.0,1-ethoxypropane,1,b3lyp-d3(bj)/def2-tzvp + LCCSD(T)/aug-cc-pvQZ//DF-MP2/aug-cc-pvQZ,1
ethylamine,C2H7N,69.038,CCN,6341.0,ethanamine,1,b3lyp-d3(bj)/def2-tzvp + LCCSD(T)/aug-cc-pvQZ//DF-MP2/aug-cc-pvQZ,1
ethylbenzene,C8H10,127.379,CCc1ccccc1,7500.0,ethylbenzene,1,b3lyp/def2-tzvp + LCCSD(T)/aug-cc-pvQZ//B3LYP/def2-tzvp,1
ethylcyclopentane,C7H14,132.198,CCC1CCCC1,15431.0,ethylcyclopentane,1,b3lyp-d3(bj)/def2-tzvp + LCCSD(T)/aug-cc-pvQZ//DF-MP2/aug-cc-pvQZ,1
ethylene carbonate,C3H4O3,78.339,O=C1OCCO1,7303.0,"1,3-dioxolan-2-one",1,b3lyp-d3(bj)/def2-tzvp + LCCSD(T)/aug-cc-pvQZ//DF-MP2/aug-cc-pvQZ,1
ethyne,C2H2,43.704,C#C,6326.0,acetylene,1,b3lyp-d3(bj)/def2-tzvp + LCCSD(T)/aug-cc-pvQZ//DF-MP2/aug-cc-pvQZ,1
formamide,CH3NO,53.769,NC=O,713.0,formamide,1,b3lyp-d3(bj)/def2-tzvp + LCCSD(T)/aug-cc-pvQZ//DF-MP2/aug-cc-pvQZ,1
formic acid,CH2O2,44.87,O=CO,284.0,formic acid,1,b3lyp-d3(bj)/def2-tzvp + LCCSD(T)/aug-cc-pvQZ//DF-MP2/aug-cc-pvQZ,1
furan,C4H4O,65.214,c1ccoc1,8029.0,furan,1,b3lyp-d3(bj)/def2-tzvp + LCCSD(T)/aug-cc-pvQZ//DF-MP2/aug-cc-pvQZ,1
glycerol,C3H8O3,116.224,OCC(O)CO,753.0,"propane-1,2,3-triol",1,b3lyp-d3(bj)/def2-tzvp + LCCSD(T)/aug-cc-pvQZ//DF-MP2/aug-cc-pvQZ,1
hexachlorobenzene,C6Cl6,175.04,Clc1c(Cl)c(Cl)c(Cl)c(Cl)c1Cl,8370.0,"1,2,3,4,5,6-hexachlorobenzene",1,b3lyp-d3(bj)/def2-tzvp + LCCSD(T)/aug-cc-pvQZ//DF-MP2/aug-cc-pvQZ,1
hexachloroethane,C2Cl6,137.561,ClC(Cl)(Cl)C(Cl)(Cl)Cl,6214.0,"1,1,1,2,2,2-hexachloroethane",1,b3lyp-d3(bj)/def2-tzvp + LCCSD(T)/aug-cc-pvQZ//DF-MP2/aug-cc-pvQZ,1
hexan-1-ol,C6H14O,147.809,CCCCCCO,8103.0,hexan-1-ol,1,b3lyp-d3(bj)/def2-tzvp + LCCSD(T)/aug-cc-pvQZ//DF-MP2/aug-cc-pvQZ,1
hexanal,C6H12O,137.124,CCCCCC=O,6184.0,hexanal,1,b3lyp-d3(bj)/def2-tzvp + LCCSD(T)/aug-cc-pvQZ//DF-MP2/aug-cc-pvQZ,1
hexane,C6H14,132.725,CCCCCC,8058.0,hexane,1,b3lyp-d3(bj)/def2-tzvp + LCCSD(T)/aug-cc-pvQZ//DF-MP2/aug-cc-pvQZ,1
hydrazine,H4N2,46.414,NN,9321.0,hydrazine,1,b3lyp-d3(bj)/def2-tzvp + LCCSD(T)/aug-cc-pvQZ//DF-MP2/aug-cc-pvQZ,1
hydrogen,H2,29.121,[HH],783.0,molecular hydrogen,1,b3lyp-d3(bj)/def2-tzvp + LCCSD(T)/aug-cc-pvQZ//DF-MP2/aug-cc-pvQZ,1
hydrogen peroxide,H2O2,42.701,OO,784.0,hydrogen peroxide,1,b3lyp-d3(bj)/def2-tzvp + LCCSD(T)/aug-cc-pvQZ//DF-MP2/aug-cc-pvQZ,1
hydroxyamine,H3NO,43.665,NO,787.0,hydroxylamine,1,b3lyp-d3(bj)/def2-tzvp + LCCSD(T)/aug-cc-pvQZ//DF-MP2/aug-cc-pvQZ,1
isopropyl methyl ether,C4H10O,108.252,COC(C)C,11721.0,2-methoxypropane,1,b3lyp-d3(bj)/def2-tzvp + LCCSD(T)/aug-cc-pvQZ//DF-MP2/aug-cc-pvQZ,1
maleic anhydride,C4H2O3,86.785,O=C1C=CC(=O)O1,7923.0,"furan-2,5-dione",1,b3lyp-d3(bj)/def2-tzvp + LCCSD(T)/aug-cc-pvQZ//DF-MP2/aug-cc-pvQZ,1
methanal,CH2O,35.305,C=O,712.0,formaldehyde,1,b3lyp-d3(bj)/def2-tzvp + LCCSD(T)/aug-cc-pvQZ//DF-MP2/aug-cc-pvQZ,1
methanamine,CH5N,48.88,CN,6329.0,methanamine,1,b3lyp-d3(bj)/def2-tzvp + LCCSD(T)/aug-cc-pvQZ//DF-MP2/aug-cc-pvQZ,1
methane,CH4,35.554,C,297.0,methane,1,b3lyp-d3(bj)/def2-tzvp + LCCSD(T)/aug-cc-pvQZ//DF-MP2/aug-cc-pvQZ,1
methanol,CH4O,45.585,CO,887.0,methanol,1,b3lyp-d3(bj)/def2-tzvp + LCCSD(T)/aug-cc-pvQZ//DF-MP2/aug-cc-pvQZ,1
methyl butanoate,C5H10O2,131.612,CCCC(=O)OC,12180.0,methyl butanoate,1,b3lyp-d3(bj)/def2-tzvp + LCCSD(T)/aug-cc-pvQZ//DF-MP2/aug-cc-pvQZ,1
methyl cyanoethanoate,C4H5NO2,112.117,COC(=O)CC#N,7747.0,methyl 2-cyanoacetate,1,b3lyp-d3(bj)/def2-tzvp + LCCSD(T)/aug-cc-pvQZ//DF-MP2/aug-cc-pvQZ,1
methyl ethanoate,C3H6O2,90.739,COC(C)=O,6584.0,methyl acetate,1,b3lyp-d3(bj)/def2-tzvp + LCCSD(T)/aug-cc-pvQZ//DF-MP2/aug-cc-pvQZ,1
methyl hydroxyethanoate,C3H6O3,104.789,,,,1,b3lyp-d3(bj)/def2-tzvp + LCCSD(T)/aug-cc-pvQZ//DF-MP2/aug-cc-pvQZ,1
methyl methanoate,C2H4O2,65.955,COC=O,7865.0,methyl formate,1,b3lyp-d3(bj)/def2-tzvp + LCCSD(T)/aug-cc-pvQZ//DF-MP2/aug-cc-pvQZ,1
methyl propanoate,C4H8O2,111.276,CCC(=O)OC,11124.0,methyl propanoate,1,b3lyp-d3(bj)/def2-tzvp + LCCSD(T)/aug-cc-pvQZ//DF-MP2/aug-cc-pvQZ,1
methylcyclohexane,C7H14,129.756,CC1CCCCC1,7962.0,methylcyclohexane,1,b3lyp-d3(bj)/def2-tzvp + LCCSD(T)/aug-cc-pvQZ//DF-MP2/aug-cc-pvQZ,1
methylcyclopentane,C6H12,111.529,CC1CCCC1,7296.0,methylcyclopentane,1,b3lyp-d3(bj)/def2-tzvp + LCCSD(T)/aug-cc-pvQZ//DF-MP2/aug-cc-pvQZ,1
methylcyclopropane,C4H8,78.409,CC1CC1,11657.0,methylcyclopropane,1,b3lyp-d3(bj)/def2-tzvp + LCCSD(T)/aug-cc-pvQZ//DF-MP2/aug-cc-pvQZ,1
methyloxirane,C3H6O,71.043,CC1CO1,6378.0,2-methyloxirane,1,b3lyp-d3(bj)/def2-tzvp + LCCSD(T)/aug-cc-pvQZ//DF-MP2/aug-cc-pvQZ,1
nitric acid,HNO3,53.514,O=[N+]([O-])O,944.0,nitric acid,1,b3lyp-d3(bj)/def2-tzvp + LCCSD(T)/aug-cc-pvQZ//DF-MP2/aug-cc-pvQZ,1
nitroethane,C2H5NO2,82.172,CC[N+](=O)[O-],6587.0,1-nitroethane,1,b3lyp-d3(bj)/def2-tzvp + LCCSD(T)/aug-cc-pvQZ//DF-MP2/aug-cc-pvQZ,1
nitrogen,N2,29.11,N#N,947.0,molecular nitrogen,1,b3lyp-d3(bj)/def2-tzvp + LCCSD(T)/aug-cc-pvQZ//DF-MP2/aug-cc-pvQZ,1
nitrogen oxide (N2O3),N2O3,68.905,O=N[N+](=O)[O-],61526.0,N-oxonitramide,1,b3lyp-d3(bj)/def2-tzvp + LCCSD(T)/aug-cc-pvQZ//DF-MP2/aug-cc-pvQZ,1
nitromethane,CH3NO2,61.319,C[N+](=O)[O-],6375.0,nitromethane,1,b3lyp-d3(bj)/def2-tzvp + LCCSD(T)/aug-cc-pvQZ//DF-MP2/aug-cc-pvQZ,1
nitrous acid,HNO2,44.953,O=NO,24529.0,nitrous acid,1,b3lyp-d3(bj)/def2-tzvp + LCCSD(T)/aug-cc-pvQZ//DF-MP2/aug-cc-pvQZ,1
nitrous oxide,N2O,38.152,[N-]=[N+]=O,948.0,nitrous oxide,1,b3lyp-d3(bj)/def2-tzvp + LCCSD(T)/aug-cc-pvQZ//DF-MP2/aug-cc-pvQZ,1
o-terphenyl,C18H14,244.758,c1ccc(-c2ccccc2-c2ccccc2)cc1,6766.0,"1,2-diphenylbenzene",1,b3lyp-d3(bj)/def2-tzvp + LCCSD(T)/aug-cc-pvQZ//DF-MP2/aug-cc-pvQZ,1
oxetane,C3H6O,63.329,C1COC1,10423.0,oxetane,1,b3lyp-d3(bj)/def2-tzvp + LCCSD(T)/aug-cc-pvQZ//DF-MP2/aug-cc-pvQZ,1
oxirane,C2H4O,47.441,C1CO1,6354.0,oxirane,1,b3lyp-d3(bj)/def2-tzvp + LCCSD(T)/aug-cc-pvQZ//DF-MP2/aug-cc-pvQZ,1
pentan-1-ol,C5H12O,127.277,CCCCCO,6276.0,pentan-1-ol,1,b3lyp-d3(bj)/def2-tzvp + LCCSD(T)/aug-cc-pvQZ//DF-MP2/aug-cc-pvQZ,1
pentan-2-ol,C5H12O,130.404,CCCC(C)O,22386.0,pentan-2-ol,1,b3lyp-d3(bj)/def2-tzvp + LCCSD(T)/aug-cc-pvQZ//DF-MP2/aug-cc-pvQZ,1
pentan-3-one,C5H10O,119.109,CCC(=O)CC,7288.0,pentan-3-one,1,b3lyp-d3(bj)/def2-tzvp + LCCSD(T)/aug-cc-pvQZ//DF-MP2/aug-cc-pvQZ,1
pentanal,C5H10O,116.581,CCCCC=O,8063.0,pentanal,1,b3lyp-d3(bj)/def2-tzvp + LCCSD(T)/aug-cc-pvQZ//DF-MP2/aug-cc-pvQZ,1
pentane,C5H12,112.194,CCCCC,8003.0,pentane,1,b3lyp-d3(bj)/def2-tzvp + LCCSD(T)/aug-cc-pvQZ//DF-MP2/aug-cc-pvQZ,1
pentanedinitrile,C5H6N2,113.061,N#CCCCC#N,10994.0,pentanedinitrile,1,b3lyp-d3(bj)/def2-tzvp + LCCSD(T)/aug-cc-pvQZ//DF-MP2/aug-cc-pvQZ,1
pentanoic acid,C5H10O2,130.099,CCCCC(=O)O,7991.0,pentanoic acid,1,b3lyp-d3(bj)/def2-tzvp + LCCSD(T)/aug-cc-pvQZ//DF-MP2/aug-cc-pvQZ,1
perfluorohexane,C6F14,280.995,FC(F)(F)C(F)(F)C(F)(F)C(F)(F)C(F)(F)C(F)(F)F,9639.0,"1,1,1,2,2,3,3,4,4,5,5,6,6,6-tetradecafluorohexane",1,b3lyp-d3(bj)/def2-tzvp + LCCSD(T)/aug-cc-pvQZ//DF-MP2/aug-cc-pvQZ,1
perfluoropentane,C5F12,237.397,FC(F)(F)C(F)(F)C(F)(F)C(F)(F)C(F)(F)F,12675.0,"1,1,1,2,2,3,3,4,4,5,5,5-dodecafluoropentane",1,b3lyp-d3(bj)/def2-tzvp + LCCSD(T)/aug-cc-pvQZ//DF-MP2/aug-cc-pvQZ,1
phenol,C6H6O,101.671,Oc1ccccc1,996.0,phenol,1,b3lyp-d3(bj)/def2-tzvp + LCCSD(T)/aug-cc-pvQZ//DF-MP2/aug-cc-pvQZ,1
phenylhydrazine,C6H8N2,124.24,NNc1ccccc1,7516.0,phenylhydrazine,1,b3lyp/def2-tzvp + LCCSD(T)/aug-cc-pvQZ//B3LYP/def2-tzvp,1
piperidine,C5H11N,102.7,C1CCNCC1,8082.0,piperidine,1,b3lyp-d3(bj)/def2-tzvp + LCCSD(T)/aug-cc-pvQZ//DF-MP2/aug-cc-pvQZ,1
"propan-1,3-diol",C3H8O2,99.668,OCCCO,10442.0,"propane-1,3-diol",1,b3lyp-d3(bj)/def2-tzvp + LCCSD(T)/aug-cc-pvQZ//DF-MP2/aug-cc-pvQZ,1
propan-1-amine,C3H9N,89.64,CCCN,7852.0,propan-1-amine,1,b3lyp-d3(bj)/def2-tzvp + LCCSD(T)/aug-cc-pvQZ//DF-MP2/aug-cc-pvQZ,1
propan-1-ol,C3H8O,86.267,CCCO,1031.0,propan-1-ol,1,b3lyp-d3(bj)/def2-tzvp + LCCSD(T)/aug-cc-pvQZ//DF-MP2/aug-cc-pvQZ,1
propan-2-ol,C3H8O,89.074,CC(C)O,3776.0,propan-2-ol,1,b3lyp-d3(bj)/def2-tzvp + LCCSD(T)/aug-cc-pvQZ//DF-MP2/aug-cc-pvQZ,1
propanal,C3H6O,75.635,CCC=O,527.0,propanal,1,b3lyp-d3(bj)/def2-tzvp + LCCSD(T)/aug-cc-pvQZ//DF-MP2/aug-cc-pvQZ,1
propane,C3H8,71.126,CCC,6334.0,propane,1,b3lyp-d3(bj)/def2-tzvp + LCCSD(T)/aug-cc-pvQZ//DF-MP2/aug-cc-pvQZ,1
propanedinitrile,C3H2N2,72.892,N#CCC#N,8010.0,propanedinitrile,1,b3lyp-d3(bj)/def2-tzvp + LCCSD(T)/aug-cc-pvQZ//DF-MP2/aug-cc-pvQZ,1
propanoic acid,C3H6O2,89.159,CCC(=O)O,1032.0,propanoic acid,1,b3lyp-d3(bj)/def2-tzvp + LCCSD(T)/aug-cc-pvQZ//DF-MP2/aug-cc-pvQZ,1
propenamide,C3H5NO,89.443,C=CC(N)=O,6579.0,prop-2-enamide,1,b3lyp-d3(bj)/def2-tzvp + LCCSD(T)/aug-cc-pvQZ//DF-MP2/aug-cc-pvQZ,1
propenoic acid,C3H4O2,80.178,C=CC(=O)O,6581.0,prop-2-enoic acid,1,b3lyp-d3(bj)/def2-tzvp + LCCSD(T)/aug-cc-pvQZ//DF-MP2/aug-cc-pvQZ,1
propyl ethanoate,C5H10O2,131.996,CCCOC(C)=O,7997.0,propyl acetate,1,b3lyp-d3(bj)/def2-tzvp + LCCSD(T)/aug-cc-pvQZ//DF-MP2/aug-cc-pvQZ,1
propyl methanoate,C4H8O2,107.186,CCCOC=O,8073.0,propyl formate,1,b3lyp-d3(bj)/def2-tzvp + LCCSD(T)/aug-cc-pvQZ//DF-MP2/aug-cc-pvQZ,1
pyrazine,C4H4N2,72.839,c1cnccn1,9261.0,pyrazine,1,b3lyp-d3(bj)/def2-tzvp + LCCSD(T)/aug-cc-pvQZ//DF-MP2/aug-cc-pvQZ,1
pyridine,C5H5N,76.972,c1ccncc1,1049.0,pyridine,1,b3lyp-d3(bj)/def2-tzvp + LCCSD(T)/aug-cc-pvQZ//DF-MP2/aug-cc-pvQZ,1
pyrrole,C4H5N,71.602,c1cc[nH]c1,8027.0,1H-pyrrole,1,b3lyp-d3(bj)/def2-tzvp + LCCSD(T)/aug-cc-pvQZ//DF-MP2/aug-cc-pvQZ,1
pyrrolidine,C4H9N,84.19,C1CCNC1,31268.0,pyrrolidine,1,b3lyp-d3(bj)/def2-tzvp + LCCSD(T)/aug-cc-pvQZ//DF-MP2/aug-cc-pvQZ,1
styrene,C8H8,119.455,C=Cc1ccccc1,7501.0,styrene,1,b3lyp/def2-tzvp + LCCSD(T)/aug-cc-pvQZ//B3LYP/def2-tzvp,1
succinic anhydride,C4H4O3,94.856,O=C1CCC(=O)O1,7922.0,"oxolane-2,5-dione",1,b3lyp-d3(bj)/def2-tzvp + LCCSD(T)/aug-cc-pvQZ//DF-MP2/aug-cc-pvQZ,1
succinimide,C4H5NO2,98.606,O=C1CCC(=O)N1,11439.0,"pyrrolidine-2,5-dione",1,b3lyp-d3(bj)/def2-tzvp + LCCSD(T)/aug-cc-pvQZ//DF-MP2/aug-cc-pvQZ,1
tetrahydrofuran,C4H8O,80.659,C1CCOC1,8028.0,oxolane,1,b3lyp-d3(bj)/def2-tzvp + LCCSD(T)/aug-cc-pvQZ//DF-MP2/aug-cc-pvQZ,1
toluene,C7H8,107.455,Cc1ccccc1,1140.0,toluene,1,b3lyp-d3(bj)/def2-tzvp + LCCSD(T)/aug-cc-pvQZ//DF-MP2/aug-cc-pvQZ,1
"trans-1,2-dicyanoethylene",C4H2N2,86.134,N#C/C=C/C#N,637930.0,(E)-but-2-enedinitrile,1,b3lyp-d3(bj)/def2-tzvp + LCCSD(T)/aug-cc-pvQZ//DF-MP2/aug-cc-pvQZ,1
"trans-1,2-dimethylcyclohexane",C8H16,153.601,C[C@@H]1CCCC[C@H]1C,23313.0,"trans-(1R,2R)-1,2-dimethylcyclohexane",1,b3lyp/def2-tzvp + LCCSD(T)/aug-cc-pvQZ//B3LYP/def2-tzvp,1
"trans-1,3-dimethylcyclohexane",C8H16,153.372,C[C@@H]1CCC[C@@H](C)C1,16629.0,"trans-(1R,3R)-1,3-dimethylcyclohexane",1,b3lyp/def2-tzvp + LCCSD(T)/aug-cc-pvQZ//B3LYP/def2-tzvp,1
"trans-1,4-dimethylcyclohexane",C8H16,153.749,CC1CCC(C)CC1,11523.0,"1,4-dimethylcyclohexane",1,b3lyp/def2-tzvp + LCCSD(T)/aug-cc-pvQZ//B3LYP/def2-tzvp,1
triethylamine,C6H15N,152.349,CCN(CC)CC,8471.0,"N,N-diethylethanamine",1,b3lyp-d3(bj)/def2-tzvp + LCCSD(T)/aug-cc-pvQZ//DF-MP2/aug-cc-pvQZ,1
trimethylamine,C3H9N,88.423,CN(C)C,1146.0,"N,N-dimethylmethanamine",1,b3lyp-d3(bj)/def2-tzvp + LCCSD(T)/aug-cc-pvQZ//DF-MP2/aug-cc-pvQZ,1
urea,CH4N2O,73.868,NC(N)=O,1176.0,urea,1,b3lyp-d3(bj)/def2-tzvp + LCCSD(T)/aug-cc-pvQZ//DF-MP2/aug-cc-pvQZ,1
vinyl acetate,C4H6O2,104.104,C=COC(C)=O,7904.0,ethenyl acetate,1,b3lyp-d3(bj)/def2-tzvp + LCCSD(T)/aug-cc-pvQZ//DF-MP2/aug-cc-pvQZ,1
water,H2O,33.484,O,962.0,oxidane,1,b3lyp-d3(bj)/def2-tzvp + LCCSD(T)/aug-cc-pvQZ//DF-MP2/aug-cc-pvQZ,1
